Loan_ID;Applicant_First_Name;Image_URL
LP001693;Nancy;https://github.com/EltonDlamini97/LoanApplicationPics/raw/main/0 (1008).jpg
LP001514;Stephanie;https://github.com/EltonDlamini97/LoanApplicationPics/raw/main/0 (1030).jpg
LP002606;Dorothy;https://github.com/EltonDlamini97/LoanApplicationPics/raw/main/0 (1015).jpg
LP002377;Deborah;https://github.com/EltonDlamini97/LoanApplicationPics/raw/main/0 (1027).jpg
LP002367;Linda;https://github.com/EltonDlamini97/LoanApplicationPics/raw/main/0 (10).jpeg
LP001327;Melissa;https://github.com/EltonDlamini97/LoanApplicationPics/raw/main/0 (1026).jpg
LP002144;Michelle;https://github.com/EltonDlamini97/LoanApplicationPics/raw/main/0 (1023).jpg
LP002287;Sarah;https://github.com/EltonDlamini97/LoanApplicationPics/raw/main/0 (1003).jpg
LP002209;Betty;https://github.com/EltonDlamini97/LoanApplicationPics/raw/main/0 (1013).jpg
LP001112;Rebecca;https://github.com/EltonDlamini97/LoanApplicationPics/raw/main/0 (1033).jpg
LP001265;Carol;https://github.com/EltonDlamini97/LoanApplicationPics/raw/main/0 (1024).jpg
LP002917;Elizabeth;https://github.com/EltonDlamini97/LoanApplicationPics/raw/main/0 (10).jpg
LP002794;Jennifer;https://github.com/EltonDlamini97/LoanApplicationPics/raw/main/0 (1).png
LP002407;Patricia;https://github.com/EltonDlamini97/LoanApplicationPics/raw/main/0 (1).jpg
LP002603;Karen;https://github.com/EltonDlamini97/LoanApplicationPics/raw/main/0 (1004).jpg
LP001430;Emily;https://github.com/EltonDlamini97/LoanApplicationPics/raw/main/0 (1022).jpg
LP001669;Sandra;https://github.com/EltonDlamini97/LoanApplicationPics/raw/main/0 (1017).jpg
LP001836;Jessica;https://github.com/EltonDlamini97/LoanApplicationPics/raw/main/0 (1002).jpg
LP001164;Donna;https://github.com/EltonDlamini97/LoanApplicationPics/raw/main/0 (1020).jpg
LP001871;Margaret;https://github.com/EltonDlamini97/LoanApplicationPics/raw/main/0 (1009).jpg
LP002840;Amanda;https://github.com/EltonDlamini97/LoanApplicationPics/raw/main/0 (1025).jpg
LP001431;Barbara;https://github.com/EltonDlamini97/LoanApplicationPics/raw/main/0 (100).jpg
LP001994;Ashley;https://github.com/EltonDlamini97/LoanApplicationPics/raw/main/0 (1018).jpg
LP002277;Mary;https://github.com/EltonDlamini97/LoanApplicationPics/raw/main/0 (1).jpeg
LP002753;Kimberly;https://github.com/EltonDlamini97/LoanApplicationPics/raw/main/0 (1019).jpg
LP002743;Susan;https://github.com/EltonDlamini97/LoanApplicationPics/raw/main/0 (1000).jpg
LP001387;Lisa;https://github.com/EltonDlamini97/LoanApplicationPics/raw/main/0 (1012).jpg
LP001977;Nicholas;https://github.com/EltonDlamini97/LoanApplicationPics/raw/main/image23.jpeg
LP002348;Richard;https://github.com/EltonDlamini97/LoanApplicationPics/raw/main/1 (1097).jpg
LP002453;Brandon;https://github.com/EltonDlamini97/LoanApplicationPics/raw/main/1 (1035).jpg
LP002893;Gerald;https://github.com/EltonDlamini97/LoanApplicationPics/raw/main/image11.jpeg
LP002637;Aaron;https://github.com/EltonDlamini97/LoanApplicationPics/raw/main/1 (1066).jpg
LP002181;Jeremy;https://github.com/EltonDlamini97/LoanApplicationPics/raw/main/1 (1004).jpg
LP001482;James;https://github.com/EltonDlamini97/LoanApplicationPics/raw/main/image10.jpeg
LP002732;Nathan;https://github.com/EltonDlamini97/LoanApplicationPics/raw/main/1 (1025).jpg
LP001798;Michael;https://github.com/EltonDlamini97/LoanApplicationPics/raw/main/1 (101).jpg
LP002536;Harold;https://github.com/EltonDlamini97/LoanApplicationPics/raw/main/1 (1054).jpg
LP002347;Arthur;https://github.com/EltonDlamini97/LoanApplicationPics/raw/main/image4.jpeg
LP002226;Stephen;https://github.com/EltonDlamini97/LoanApplicationPics/raw/main/1 (1127).jpg
LP001024;Alexander;https://github.com/EltonDlamini97/LoanApplicationPics/raw/main/1 (1109).jpg
LP002434;Keith;https://github.com/EltonDlamini97/LoanApplicationPics/raw/main/image21.jpeg
LP001405;Thomas;https://github.com/EltonDlamini97/LoanApplicationPics/raw/main/image22.jpeg
LP002368;Tyler;https://github.com/EltonDlamini97/LoanApplicationPics/raw/main/1 (1002).jpg
LP002836;Jordan;https://github.com/EltonDlamini97/LoanApplicationPics/raw/main/1 (1124).jpg
LP001136;Jeffrey;https://github.com/EltonDlamini97/LoanApplicationPics/raw/main/image3.jpeg
LP001370;Benjamin;https://github.com/EltonDlamini97/LoanApplicationPics/raw/main/1 (1119).jpg
LP001206;Scott;https://github.com/EltonDlamini97/LoanApplicationPics/raw/main/1 (1039).jpg
LP001750;Gary;https://github.com/EltonDlamini97/LoanApplicationPics/raw/main/1 (1068).jpg
LP002418;Jason;https://github.com/EltonDlamini97/LoanApplicationPics/raw/main/1 (1053).jpg
LP001630;Jose;https://github.com/EltonDlamini97/LoanApplicationPics/raw/main/1 (1010).jpg
LP002500;Lawrence;https://github.com/EltonDlamini97/LoanApplicationPics/raw/main/1 (1063).jpg
LP002036;William;https://github.com/EltonDlamini97/LoanApplicationPics/raw/main/1 (1113).jpg
LP001280;Anthony;https://github.com/EltonDlamini97/LoanApplicationPics/raw/main/image12.jpeg
LP001473;Brian;https://github.com/EltonDlamini97/LoanApplicationPics/raw/main/1 (1114).jpg
LP002272;Juan;https://github.com/EltonDlamini97/LoanApplicationPics/raw/main/1 (1098).jpg
LP001398;Dylan;https://github.com/EltonDlamini97/LoanApplicationPics/raw/main/1 (1036).jpg
LP002585;Willie;https://github.com/EltonDlamini97/LoanApplicationPics/raw/main/1 (1107).jpg
LP001616;George;https://github.com/EltonDlamini97/LoanApplicationPics/raw/main/1 (1016).jpg
LP002332;Andrew;https://github.com/EltonDlamini97/LoanApplicationPics/raw/main/image2.jpeg
LP001097;Carl;https://github.com/EltonDlamini97/LoanApplicationPics/raw/main/image6.jpeg
LP001754;Christopher;https://github.com/EltonDlamini97/LoanApplicationPics/raw/main/1 (1000).jpg
LP001008;Eric;https://github.com/EltonDlamini97/LoanApplicationPics/raw/main/1 (1011).jpg
LP002098;Walter;https://github.com/EltonDlamini97/LoanApplicationPics/raw/main/1 (1012).jpg
LP001532;Paul;https://github.com/EltonDlamini97/LoanApplicationPics/raw/main/1 (1070).jpg
LP001641;Ronald;https://github.com/EltonDlamini97/LoanApplicationPics/raw/main/1 (1125).jpg
LP001634;Christian;https://github.com/EltonDlamini97/LoanApplicationPics/raw/main/1 (1091).jpg
LP002837;Peter;https://github.com/EltonDlamini97/LoanApplicationPics/raw/main/image25.jpeg
LP001384;Gabriel;https://github.com/EltonDlamini97/LoanApplicationPics/raw/main/1 (1074).jpg
LP002714;Sean;https://github.com/EltonDlamini97/LoanApplicationPics/raw/main/image13.jpeg
LP001264;Charles;https://github.com/EltonDlamini97/LoanApplicationPics/raw/main/1 (1126).jpg
LP001915;Ethan;https://github.com/EltonDlamini97/LoanApplicationPics/raw/main/1 (1077).jpg
LP001050;Terry;https://github.com/EltonDlamini97/LoanApplicationPics/raw/main/image27.jpeg
LP001813;Kyle;https://github.com/EltonDlamini97/LoanApplicationPics/raw/main/1 (1072).jpg
LP002925;Ryan;https://github.com/EltonDlamini97/LoanApplicationPics/raw/main/1 (1087).jpg
LP001722;Raymond;https://github.com/EltonDlamini97/LoanApplicationPics/raw/main/1 (1030).jpg
LP001904;Bruce;https://github.com/EltonDlamini97/LoanApplicationPics/raw/main/image20.jpeg
LP001743;Kenneth;https://github.com/EltonDlamini97/LoanApplicationPics/raw/main/1 (10).jpg
LP001319;Jesse;https://github.com/EltonDlamini97/LoanApplicationPics/raw/main/1 (1024).jpg
LP001073;Edward;https://github.com/EltonDlamini97/LoanApplicationPics/raw/main/1 (1094).jpg
LP001699;Kevin;https://github.com/EltonDlamini97/LoanApplicationPics/raw/main/image9.jpeg
LP001003;John;https://github.com/EltonDlamini97/LoanApplicationPics/raw/main/1 (1043).jpg
LP001195;Adam;https://github.com/EltonDlamini97/LoanApplicationPics/raw/main/1 (1071).jpg
LP002265;Justin;https://github.com/EltonDlamini97/LoanApplicationPics/raw/main/1 (1044).jpg
LP001528;Roger;https://github.com/EltonDlamini97/LoanApplicationPics/raw/main/image14.jpeg
LP001841;Joshua;https://github.com/EltonDlamini97/LoanApplicationPics/raw/main/1 (1086).jpg
LP002868;Joseph;https://github.com/EltonDlamini97/LoanApplicationPics/raw/main/1 (10).png
LP001914;Jack;https://github.com/EltonDlamini97/LoanApplicationPics/raw/main/1 (1038).jpg
LP001032;Frank;https://github.com/EltonDlamini97/LoanApplicationPics/raw/main/1 (110).jpg
LP001131;Jerry;https://github.com/EltonDlamini97/LoanApplicationPics/raw/main/1 (1046).jpg
LP001259;Dennis;https://github.com/EltonDlamini97/LoanApplicationPics/raw/main/1 (1).png
LP001205;Patrick;https://github.com/EltonDlamini97/LoanApplicationPics/raw/main/1 (1037).jpg
LP002916;Samuel;https://github.com/EltonDlamini97/LoanApplicationPics/raw/main/1 (1013).jpg
LP002928;Douglas;https://github.com/EltonDlamini97/LoanApplicationPics/raw/main/1 (1).jpeg
LP002494;Jacob;https://github.com/EltonDlamini97/LoanApplicationPics/raw/main/1 (1093).jpg
LP002872;Robert;https://github.com/EltonDlamini97/LoanApplicationPics/raw/main/1 (1017).jpg
LP002097;Noah;https://github.com/EltonDlamini97/LoanApplicationPics/raw/main/image7.jpeg
LP001138;Larry;https://github.com/EltonDlamini97/LoanApplicationPics/raw/main/image16.jpeg
LP001877;Albert;https://github.com/EltonDlamini97/LoanApplicationPics/raw/main/image15.jpeg
LP002266;Donald;https://github.com/EltonDlamini97/LoanApplicationPics/raw/main/image1.jpeg
LP001658;Gregory;https://github.com/EltonDlamini97/LoanApplicationPics/raw/main/image19.jpeg
LP001086;David;https://github.com/EltonDlamini97/LoanApplicationPics/raw/main/image24.jpeg
LP002974;Austin;https://github.com/EltonDlamini97/LoanApplicationPics/raw/main/1 (1116).jpg
LP002263;Steven;https://github.com/EltonDlamini97/LoanApplicationPics/raw/main/image26.jpeg
LP001578;Bryan;https://github.com/EltonDlamini97/LoanApplicationPics/raw/main/image17.jpeg
LP002250;Henry;https://github.com/EltonDlamini97/LoanApplicationPics/raw/main/1 (1092).jpg
LP001029;Daniel;https://github.com/EltonDlamini97/LoanApplicationPics/raw/main/1 (1032).jpg
LP002224;Mark;https://github.com/EltonDlamini97/LoanApplicationPics/raw/main/1 (11).png
LP001109;Logan;https://github.com/EltonDlamini97/LoanApplicationPics/raw/main/1 (108).jpg
LP001068;Joe;https://github.com/EltonDlamini97/LoanApplicationPics/raw/main/image8.jpeg
LP002768;Alan;https://github.com/EltonDlamini97/LoanApplicationPics/raw/main/1 (1089).jpg
LP002821;Timothy;https://github.com/EltonDlamini97/LoanApplicationPics/raw/main/1 (1033).jpg
LP001643;Jonathan;https://github.com/EltonDlamini97/LoanApplicationPics/raw/main/image5.jpeg
LP001586;Matthew;https://github.com/EltonDlamini97/LoanApplicationPics/raw/main/image18.jpeg
LP002692;Zachary;https://github.com/EltonDlamini97/LoanApplicationPics/raw/main/1 (1).jpg
LP001047;Billy;https://github.com/EltonDlamini97/LoanApplicationPics/raw/main/1 (1018).jpg
